CivilizationType,LocCivilizationType,TraitType,MediaName,LocTraitTypeName,LocTraitTypeDesc,CardType,Grants,Unused,Description
CIVILIZATION_AMERICA,LOC_CIVILIZATION_AMERICA_DESCRIPTION,TRAIT_CIVILIZATION_BUILDING_FILM_STUDIO,Film_Studio_%28Civ6%29,LOC_TRAIT_CIVILIZATION_BUILDING_FILM_STUDIO_NAME,LOC_TRAIT_CIVILIZATION_BUILDING_FILM_STUDIO_DESCRIPTION,UI,,American unique building: Film Studio,Film Studio: replaces Broadcast Center. +100% Tourism pressure from this city towards other civilizations starting from the Modern Era.
CIVILIZATION_AMERICA,LOC_CIVILIZATION_AMERICA_DESCRIPTION,TRAIT_CIVILIZATION_FOUNDING_FATHERS,American_%28Civ6%29,LOC_TRAIT_CIVILIZATION_FOUNDING_FATHERS_NAME,LOC_TRAIT_CIVILIZATION_FOUNDING_FATHERS_EXPANSION2_DESCRIPTION,CA,,Founding Fathers,All Diplomatic policy slots in the current government are converted to Wildcard slots. +1 Diplomatic Favor per turn for each Wildcard slot in the current government.
CIVILIZATION_AMERICA,LOC_CIVILIZATION_AMERICA_DESCRIPTION,TRAIT_CIVILIZATION_UNIT_AMERICAN_P51,P-51_Mustang_%28Civ6%29,LOC_TRAIT_CIVILIZATION_UNIT_AMERICAN_P51_NAME,,UU,,American unique unit: P-51 Mustang,P-51 Mustang: replaces Fighter. +5 Combat Strength against fighter aircraft. Gains 50% more experience. Higher Combat Strength (105 vs. 100) and Ranged Strength (105 vs. 100). Higher Movement (10 vs. 8).
CIVILIZATION_ARABIA,LOC_CIVILIZATION_ARABIA_DESCRIPTION,TRAIT_CIVILIZATION_BUILDING_MADRASA,Madrasa_%28Civ6%29,LOC_TRAIT_CIVILIZATION_BUILDING_MADRASA_NAME,,UI,,Arabian unique building: Madrasa,Madrasa: replaces University and unlocked with Theology. +5 Science (1 more than university). Provides bonus Faith equal to the adjacency Science bonus of its district.
CIVILIZATION_ARABIA,LOC_CIVILIZATION_ARABIA_DESCRIPTION,TRAIT_CIVILIZATION_LAST_PROPHET,Arabian_%28Civ6%29,LOC_TRAIT_CIVILIZATION_LAST_PROPHET_NAME,LOC_TRAIT_CIVILIZATION_LAST_PROPHET_DESCRIPTION,CA,,The Last Prophet,Automatically receives the final Great Prophet when the next-to-last one is claimed (unless one has already been earned through other means). +1 Science per foreign city following Arabia's Religion.
CIVILIZATION_ARABIA,LOC_CIVILIZATION_ARABIA_DESCRIPTION,TRAIT_CIVILIZATION_UNIT_ARABIAN_MAMLUK,Mamluk_%28Civ6%29,LOC_TRAIT_CIVILIZATION_UNIT_ARABIAN_MAMLUK_NAME,,UU,,,"Mamluk: replaces Knight. Production cost increased from 180 to 220, Gold purchasing cost increased from 720 to 880, Gold maintenance cost increased from 3 to 4. Heals at the end of every turn, even if it moves or attacks."
CIVILIZATION_BRAZIL,LOC_CIVILIZATION_BRAZIL_DESCRIPTION,TRAIT_CIVILIZATION_AMAZON,Brazilian_%28Civ6%29,LOC_TRAIT_CIVILIZATION_AMAZON_NAME,LOC_TRAIT_CIVILIZATION_AMAZON_DESCRIPTION,CA,,Amazon,"Rainforest tiles provide a +1 adjacency bonus for Campus, Commercial Hub, Holy Site, and Theater Square districts, and provide +1 Appeal to adjacent tiles, instead of the usual -1."
CIVILIZATION_BRAZIL,LOC_CIVILIZATION_BRAZIL_DESCRIPTION,TRAIT_CIVILIZATION_STREET_CARNIVAL,Entertainment_Complex_%28Civ6%29,LOC_TRAIT_CIVILIZATION_STREET_CARNIVAL_NAME,,UI,,Brazilian unique district: Street Carnival,Street Carnival: replaces Zoo. Lower Production cost (27 vs. 54). +2 Amenities (up from 1 for Zoo) from entertainment to parent city.
CIVILIZATION_BRAZIL,LOC_CIVILIZATION_BRAZIL_DESCRIPTION,TRAIT_CIVILIZATION_UNIT_BRAZILIAN_MINAS_GERAES,Minas_Geraes_%28Civ6%29,LOC_TRAIT_CIVILIZATION_UNIT_BRAZILIAN_MINAS_GERAES_NAME,,UU,,Brazilian unique unit: Minas Geraes,Minas Geraes: replaces Battleship and is unlocked with Nationalism. Higher Combat Strength (70 vs. 60). Higher Ranged Strength (80 vs. 70). Higher Anti-Air strength (95 vs. 90).
CIVILIZATION_CHINA,LOC_CIVILIZATION_CHINA_DESCRIPTION,TRAIT_CIVILIZATION_DYNASTIC_CYCLE,Chinese_%28Civ6%29,LOC_TRAIT_CIVILIZATION_DYNASTIC_CYCLE_NAME,LOC_TRAIT_CIVILIZATION_DYNASTIC_CYCLE_EXPANSION2_DESCRIPTION,CA,,Dynastic Cycle,Eurekas and Inspirations provide an extra 10% of the Science and Culture cost for researching technologies and civics. Completing a Wonder grants a Eureka and Inspiration from that Wonder's era.
CIVILIZATION_CHINA,LOC_CIVILIZATION_CHINA_DESCRIPTION,TRAIT_CIVILIZATION_IMPROVEMENT_GREAT_WALL,Great_Wall_%28Civ6%29,LOC_TRAIT_CIVILIZATION_IMPROVEMENT_GREAT_WALL_NAME,,UI,,Chinese unique improvement: Great Wall,Great Wall: tile improvement. Can only be built in a line on the current border of your territory. Occupying unit receives +4 Defense Strength and automatically gains 2 turns of fortification (+6 Defense Strength). +2 Gold. +2 Gold for each adjacent Great Wall. +2 Culture for each adjacent Great Wall (with Castles). Can only be pillaged but never removed by disasters.
CIVILIZATION_CHINA,LOC_CIVILIZATION_CHINA_DESCRIPTION,TRAIT_CIVILIZATION_UNIT_CHINESE_CROUCHING_TIGER,Crouching_Tiger_%28Civ6%29,LOC_TRAIT_CIVILIZATION_UNIT_CHINESE_CROUCHING_TIGER_NAME,,UU,,Chinese unique unit: Crouching Tiger,"Crouching Tiger: unique ranged unit, unlocks with Machinery. High Ranged Strength (50). Has a ranged attack with Range 1."
CIVILIZATION_ENGLAND,LOC_CIVILIZATION_ENGLAND_DESCRIPTION,TRAIT_CIVILIZATION_INDUSTRIAL_REVOLUTION,English_%28Civ6%29,LOC_TRAIT_CIVILIZATION_INDUSTRIAL_REVOLUTION_NAME,LOC_TRAIT_CIVILIZATION_INDUSTRIAL_REVOLUTION_DESCRIPTION,CA,,,Iron and Coal Mines accumulate +2 resources per turn. +100% Production towards Military Engineers. Military Engineers receive +2 charges. Buildings that provide additional yields when powered receive +4 of their respective yields. +20% Production towards Industrial Zone buildings. Harbor buildings grant +10 Strategic Resource stockpiles.
CIVILIZATION_ENGLAND,LOC_CIVILIZATION_ENGLAND_DESCRIPTION,TRAIT_CIVILIZATION_ROYAL_NAVY_DOCKYARD,Harbor_%28Civ6%29,LOC_TRAIT_CIVILIZATION_ROYAL_NAVY_DOCKYARD_NAME,,UI,,English unique district: Royal Navy Dockyard,Royal Navy Dockyard: replaces Harbor. Lower Production cost (27 vs. 54). +1 Movement for all units built in Dockyard. +2 Gold when built on a foreign continent. +4 Loyalty when built on a foreign continent.
CIVILIZATION_ENGLAND,LOC_CIVILIZATION_ENGLAND_DESCRIPTION,TRAIT_CIVILIZATION_UNIT_ENGLISH_SEADOG,Sea_Dog_%28Civ6%29,LOC_TRAIT_CIVILIZATION_UNIT_ENGLISH_SEADOG_NAME,,UU,,English unique unit: Sea Dog,Sea Dog: replaces Privateer. Higher Ranged Strength (55 vs. 50). Can capture defeated enemy naval units. (Does not work for Barbarian or city-state ships.)
CIVILIZATION_EGYPT,LOC_CIVILIZATION_EGYPT_DESCRIPTION,TRAIT_CIVILIZATION_IMPROVEMENT_SPHINX,Sphinx_%28Civ6%29,LOC_TRAIT_CIVILIZATION_IMPROVEMENT_SPHINX_NAME,,UI,,Egyptian unique improvement: Sphinx,"Sphinx: tile improvement. It can be built on any land tile, including Floodplains. +1 Culture. +1 additional Culture if built on Floodplains. +1 additional Culture (with Natural History). +2 Appeal. +1 Faith. +2 additional Faith if placed next to a Wonder. Cannot be adjacent to another Sphinx. Cannot be built on Snow or Snow Hills tiles."
CIVILIZATION_EGYPT,LOC_CIVILIZATION_EGYPT_DESCRIPTION,TRAIT_CIVILIZATION_ITERU,Egyptian_%28Civ6%29,LOC_TRAIT_CIVILIZATION_ITERU_NAME,LOC_TRAIT_CIVILIZATION_ITERU_EXPANSION2_DESCRIPTION,CA,,Iteru,"15% Production towards districts and wonders built next to a River. Districts, improvements and units are immune to damage from floods.'"
CIVILIZATION_EGYPT,LOC_CIVILIZATION_EGYPT_DESCRIPTION,TRAIT_CIVILIZATION_UNIT_EGYPTIAN_CHARIOT_ARCHER,Maryannu_Chariot_Archer_%28Civ6%29,LOC_TRAIT_CIVILIZATION_UNIT_EGYPTIAN_CHARIOT_ARCHER_NAME,,UU,,Egyptian unique unit: Maryannu Chariot Archer,"Maryannu Chariot Archer: replaces Heavy Chariot. +2 Movement when starting its turn on flat terrain with no Woods or Rainforests. Has a ranged attack (35 Ranged Strength, 2 Range). -17 Ranged Strength vs. District defenses and naval units."
CIVILIZATION_FRANCE,LOC_CIVILIZATION_FRANCE_DESCRIPTION,TRAIT_CIVILIZATION_IMPROVEMENT_CHATEAU,Ch%3Fteau_%28Civ6%29,LOC_TRAIT_CIVILIZATION_IMPROVEMENT_CHATEAU_NAME,,UI,,French unique improvement: Château,"Château: tile improvement. It must be built adjacent to a Bonus or a Luxury Resource. +2 Culture, +1 Gold, +1 Appeal. +1 Culture for each adjacent wonder, increasing to +2 Culture per wonder (with Flight). +2 Gold if built on a River. Cannot be adjacent to another Château."
CIVILIZATION_FRANCE,LOC_CIVILIZATION_FRANCE_DESCRIPTION,TRAIT_CIVILIZATION_UNIT_FRENCH_GARDE_IMPERIALE,Garde_Imp%3Friale_%28Civ6%29,LOC_TRAIT_CIVILIZATION_UNIT_FRENCH_GARDE_IMPERIALE_NAME,,UU,,French unique unit: Garde Impériale,Garde Impériale: replaces Line Infantry. Earns Great General points from kills. +10 Combat Strength on the original Capital Capital's home continent. Higher Combat Strength (70 vs. 65).
CIVILIZATION_FRANCE,LOC_CIVILIZATION_FRANCE_DESCRIPTION,TRAIT_CIVILIZATION_WONDER_TOURISM,French_%28Civ6%29,LOC_TRAIT_CIVILIZATION_WONDER_TOURISM_NAME,LOC_TRAIT_CIVILIZATION_WONDER_TOURISM_DESCRIPTION,CA,,Grand Tour,"+20% Production towards Medieval, Renaissance and Industrial Era Wonders. Double Tourism from Wonders of any Era."
CIVILIZATION_GERMANY,LOC_CIVILIZATION_GERMANY_DESCRIPTION,TRAIT_CIVILIZATION_DISTRICT_HANSA,Industrial_Zone_%28Civ6%29,LOC_TRAIT_CIVILIZATION_DISTRICT_HANSA_NAME,,UI,,German unique district: Hansa,"Hansa: replaces Industrial Zone. Lower Production cost (27 vs. 54). Major bonus (+2) for each adjacent Commercial Hub. Major bonus (+2) for each adjacent Aqueduct, Dam, or Canal. Standard bonus (+1) for each adjacent resource. Minor bonus (+½) for all other adjacent district tiles."
CIVILIZATION_GERMANY,LOC_CIVILIZATION_GERMANY_DESCRIPTION,TRAIT_CIVILIZATION_IMPERIAL_FREE_CITIES,German_%28Civ6%29,LOC_TRAIT_CIVILIZATION_IMPERIAL_FREE_CITIES_NAME,LOC_TRAIT_CIVILIZATION_IMPERIAL_FREE_CITIES_DESCRIPTION,CA,,Free Imperial Cities,Each city can build one more specialty District than the Citizen Population limit would normally allow.
CIVILIZATION_GERMANY,LOC_CIVILIZATION_GERMANY_DESCRIPTION,TRAIT_CIVILIZATION_UNIT_GERMAN_UBOAT,U-Boat_%28Civ6%29,LOC_TRAIT_CIVILIZATION_UNIT_GERMAN_UBOAT_NAME,,UU,,German unique unit: U-Boat,U-Boat: replaces Submarine. +10 Combat Strength when fighting on Ocean tiles. Higher Sight (3 vs. 2). Lower Production cost (430 vs. 480). No strategic resource requirement.
CIVILIZATION_GREECE,LOC_CIVILIZATION_GREECE_DESCRIPTION,TRAIT_CIVILIZATION_DISTRICT_ACROPOLIS,Theater_Square_%28Civ6%29,LOC_TRAIT_CIVILIZATION_DISTRICT_ACROPOLIS_NAME,,UI,,Greece unique district: Acropolis,"Acropolis: replaces Theater Square and can only be built on Hills. Standard bonus (+1 Culture) for each adjacent District (rather than 0.5 minor adjacency), +1 additional Culture if adjacent to a City Center. Awards 1 Envoy when completed."
CIVILIZATION_GREECE,LOC_CIVILIZATION_GREECE_DESCRIPTION,TRAIT_CIVILIZATION_PLATOS_REPUBLIC,Greek_%28Civ6%29,LOC_TRAIT_CIVILIZATION_PLATOS_REPUBLIC_NAME,LOC_TRAIT_CIVILIZATION_PLATOS_REPUBLIC_DESCRIPTION,CA,,Plato's Republic,Gains an additional Wildcard policy slot in all Governments.
CIVILIZATION_GREECE,LOC_CIVILIZATION_GREECE_DESCRIPTION,TRAIT_CIVILIZATION_UNIT_GREEK_HOPLITE,Hoplite_%28Civ6%29,LOC_TRAIT_CIVILIZATION_UNIT_GREEK_HOPLITE_NAME,,UU,,Greek unique unit: Hoplite,Hoplite: replaces Spearman. +10 Combat Strength when adjacent to at least one other Hoplite. Higher Strength Combat Strength (28 vs. 25).
CIVILIZATION_INDIA,LOC_CIVILIZATION_INDIA_DESCRIPTION,TRAIT_CIVILIZATION_DHARMA,Indian_%28Civ6%29,LOC_TRAIT_CIVILIZATION_DHARMA_NAME,LOC_TRAIT_CIVILIZATION_DHARMA_EXPANSION2_DESCRIPTION,CA,,Dharma,"Indian cities receive the Follower Beliefs of all religions with at least one follower in them, not just the majority religion, and gain +1 Amenity for each religion with at least one follower in them. +2 Spread Religion charges for Missionaries. +100% Religious pressure from Indian Trade Routes."
CIVILIZATION_INDIA,LOC_CIVILIZATION_INDIA_DESCRIPTION,TRAIT_CIVILIZATION_IMPROVEMENT_STEPWELL,Stepwell_%28Civ6%29,LOC_TRAIT_CIVILIZATION_IMPROVEMENT_STEPWELL_NAME,,UI,,Indian unique improvement: Stepwell,"Stepwell: tile improvement. Must be built on a flat land tile. +1 Housing, +1 Food. +1 additional Food if placed adjacent to a Farm. +1 additional Faith if placed adjacent to a Holy Site. +1 Faith (with Feudalism). +1 Housing (with Sanitation). +1 Food (with Professional Sports). Prevents Food Food loss from droughts. Cannot be adjacent to another Stepwell."
CIVILIZATION_INDIA,LOC_CIVILIZATION_INDIA_DESCRIPTION,TRAIT_CIVILIZATION_UNIT_INDIAN_VARU,Varu_%28Civ6%29,LOC_TRAIT_CIVILIZATION_UNIT_INDIAN_VARU_NAME,,UU,,Indian unique unit: Varu,Varu: unique heavy cavalry. Ignores enemy zone of control. Reduces the Combat Strength of adjacent enemy units by 5 non-cumulatively.
CIVILIZATION_JAPAN,LOC_CIVILIZATION_JAPAN_DESCRIPTION,TRAIT_CIVILIZATION_ADJACENT_DISTRICTS,Japanese_%28Civ6%29,LOC_TRAIT_CIVILIZATION_ADJACENT_DISTRICTS_NAME,LOC_TRAIT_CIVILIZATION_ADJACENT_DISTRICTS_DESCRIPTION,CA,,Meiji Restoration,"Districts receive a +1 adjacency bonus for each adjacent district, instead of +0.5."
CIVILIZATION_JAPAN,LOC_CIVILIZATION_JAPAN_DESCRIPTION,TRAIT_CIVILIZATION_BUILDING_ELECTRONICS_FACTORY,Electronics_Factory_%28Civ6%29,LOC_TRAIT_CIVILIZATION_BUILDING_ELECTRONICS_FACTORY_NAME,,UI,,Japanese unique building: Electronics Factory,Electronics factory: Replaces Factory. +2 prod when powered over normal factory. +4 culture with electricity
CIVILIZATION_JAPAN,LOC_CIVILIZATION_JAPAN_DESCRIPTION,TRAIT_CIVILIZATION_UNIT_JAPANESE_SAMURAI,Samurai_%28Civ6%29,LOC_TRAIT_CIVILIZATION_UNIT_JAPANESE_SAMURAI_NAME,,UU,,Japanese unique unit: Samurai,Samurai: replaces man at arms. Does not suffer strength loss due to damage. Higher strength (48 vs 45)
CIVILIZATION_KONGO,LOC_CIVILIZATION_KONGO_DESCRIPTION,TRAIT_CIVILIZATION_MBANZA,Neighborhood_%28Civ6%29,LOC_TRAIT_CIVILIZATION_MBANZA_NAME,,UI,,Kongolese unique district: Mbanza,"Mbanza: replaces Neighborhood, must be built on Woods or Rainforest tiles and is unlocked with Guilds. Lower Production cost (27 vs. 54). +5 Housing, +2 Food, +4 Gold. Yield does not change based on the tile's Appeal."
CIVILIZATION_KONGO,LOC_CIVILIZATION_KONGO_DESCRIPTION,TRAIT_CIVILIZATION_NKISI,Kongolese_%28Civ6%29,LOC_TRAIT_CIVILIZATION_NKISI_NAME,LOC_TRAIT_CIVILIZATION_NKISI_DESCRIPTION,CA,,Nkisi,"Relics, Artifacts and Sculptures grant +2 Food, +2 Production, +1 Faith, and +4 Gold. The Palace has four extra slots for Great Works. +50% Great Artist, Great Musician, and Great Merchant points gained from all sources."
CIVILIZATION_KONGO,LOC_CIVILIZATION_KONGO_DESCRIPTION,TRAIT_CIVILIZATION_UNIT_KONGO_SHIELD_BEARER,Ngao_Mbeba_%28Civ6%29,LOC_TRAIT_CIVILIZATION_UNIT_KONGO_SHIELD_BEARER_NAME,,UU,,Kongolese unique unit: Ngao Mbeba,Ngao Mbeba: replaces Swordsman. Does not suffer Movement or sight penalties in Woods or Rainforests. +10 Combat Strength when defending against ranged attacks. Higher Combat Strength (38 vs. 35). Higher Production cost (110 vs. 90).
CIVILIZATION_NORWAY,LOC_CIVILIZATION_NORWAY_DESCRIPTION,TRAIT_CIVILIZATION_BUILDING_STAVE_CHURCH,Stave_Church_%28Civ6%29,LOC_TRAIT_CIVILIZATION_BUILDING_STAVE_CHURCH_NAME,,UI,,Norwegian unique building: Stave Church,Stave Church: replaces Temple. Holy Site gets an additional standard adjacency bonus (+1) from Woods. +1 Production for every coastal resource worked by the city. 
CIVILIZATION_NORWAY,LOC_CIVILIZATION_NORWAY_DESCRIPTION,TRAIT_CIVILIZATION_EARLY_OCEAN_NAVIGATION,Norwegian_%28Civ6%29,LOC_TRAIT_CIVILIZATION_EARLY_OCEAN_NAVIGATION_NAME,LOC_TRAIT_CIVILIZATION_EARLY_OCEAN_NAVIGATION_DESCRIPTION,CA,,Knarr,"Norwegian units gain the ability to enter Ocean tiles with Shipbuilding, instead of Cartography, and pay no additional Movement costs to embark or disembark. Naval melee units can heal in neutral territory."
CIVILIZATION_NORWAY,LOC_CIVILIZATION_NORWAY_DESCRIPTION,TRAIT_CIVILIZATION_UNIT_NORWEGIAN_BERSERKER,Berserker_%28Civ6%29,LOC_TRAIT_CIVILIZATION_UNIT_NORWEGIAN_BERSERKER_NAME,,UU,,Norwegian unique unit: Berserker,Berserker: replaces Man-At-Arms and is unlocked with Military Tactics. +2 Movement when starting its turn in enemy territory. +10 Combat Strength when attacking. -5 Combat Strength when defending against melee attacks. Higher Combat Strength (48 vs. 45).
CIVILIZATION_ROME,LOC_CIVILIZATION_ROME_DESCRIPTION,TRAIT_CIVILIZATION_ALL_ROADS_TO_ROME,Roman_%28Civ6%29,LOC_TRAIT_CIVILIZATION_ALL_ROADS_TO_ROME_NAME,LOC_TRAIT_CIVILIZATION_ALL_ROADS_TO_ROME_DESCRIPTION,CA,,All Roads Lead to Rome,"Founded or conquered cities start with a Trading Post and, if within Trade Route range of the Capital Capital, a road to it. Trade Routes generate +1 additional Gold from Roman Trading Posts they pass through."
CIVILIZATION_ROME,LOC_CIVILIZATION_ROME_DESCRIPTION,TRAIT_CIVILIZATION_DISTRICT_BATH,Aqueduct_%28Civ6%29,LOC_TRAIT_CIVILIZATION_DISTRICT_BATH_NAME,,UI,,Roman unique district: Bath,Bath: replaces Aqueduct district. Lower Production Production cost (18 vs. 36). Provides an additional bonus of +2 Housing and +1 Amenity. 
CIVILIZATION_ROME,LOC_CIVILIZATION_ROME_DESCRIPTION,TRAIT_CIVILIZATION_UNIT_ROMAN_LEGION,Legion_%28Civ6%29,LOC_TRAIT_CIVILIZATION_UNIT_ROMAN_LEGION_NAME,,UU,,Roman unique unit: Legion,Legion: replaces Swordsman. Has 1 build charge. Can construct a Roman Fort. (Consumes build charge.) Can clear terrain. (Consumes build charge.) Higher Combat Strength (40 vs. 35). Higher Production cost (110 vs. 90).
CIVILIZATION_RUSSIA,LOC_CIVILIZATION_RUSSIA_DESCRIPTION,TRAIT_CIVILIZATION_DISTRICT_LAVRA,Holy_Site_%28Civ6%29,LOC_TRAIT_CIVILIZATION_DISTRICT_LAVRA_NAME,,UI,,Russian unique district: Lavra,"Lavra: Replaces Holy Site. Lower Production Production cost (27 vs. 54) +1 Great Prophet points/turn over Holy Site, +1 Great Writer point/turn w/ Shrine, +1 Great Artist point/turn w/ Temple, +1 Great Musician point/turn w/ worship building. Expands city borders whenever a Great Person is used."
CIVILIZATION_RUSSIA,LOC_CIVILIZATION_RUSSIA_DESCRIPTION,TRAIT_CIVILIZATION_MOTHER_RUSSIA,Russian_%28Civ6%29,LOC_TRAIT_CIVILIZATION_MOTHER_RUSSIA_NAME,LOC_TRAIT_CIVILIZATION_MOTHER_RUSSIA_EXPANSION2_DESCRIPTION,CA,,Mother Russia,"Founded cities start with five additional tiles. Tundra tiles provide +1 Faith and +1 Production, in addition to their usual yields. Districts, improvements and units are immune to damage from Blizzards. +100% damage from Blizzards inside Russian territory to civilizations at war with Russia."
CIVILIZATION_RUSSIA,LOC_CIVILIZATION_RUSSIA_DESCRIPTION,TRAIT_CIVILIZATION_UNIT_RUSSIAN_COSSACK,Cossack_%28Civ6%29,LOC_TRAIT_CIVILIZATION_UNIT_RUSSIAN_COSSACK_NAME,,UU,,Russian unique unit: Cossack,"Cossack: Light cavalry, replaces cavalry. +5 Strength Combat Strength when fighting in or next to home territory. Can move after attacking. Higher Production cost (340 vs. 330). Higher Combat Strength (67 vs. 62)."
CIVILIZATION_SCYTHIA,LOC_CIVILIZATION_SCYTHIA_DESCRIPTION,TRAIT_CIVILIZATION_EXTRA_LIGHT_CAVALRY,Scythian_%28Civ6%29,LOC_TRAIT_CIVILIZATION_EXTRA_LIGHT_CAVALRY_NAME,LOC_TRAIT_CIVILIZATION_EXTRA_LIGHT_CAVALRY_DESCRIPTION,CA,,People of the Steppe,Building a light cavalry unit or Saka Horse Archer grants a free second copy of that unit.
CIVILIZATION_SCYTHIA,LOC_CIVILIZATION_SCYTHIA_DESCRIPTION,TRAIT_CIVILIZATION_IMPROVEMENT_KURGAN,Kurgan_(Civ6),LOC_TRAIT_CIVILIZATION_IMPROVEMENT_KURGAN_NAME,,UI,,Scythian unique improvement: Kurgan,"Kurgan: tile improvement. +1 Faith, +3 Gold. +1 Faith for each adjacent Pasture, increasing to +2 Faith for each adjacent Pasture (with Stirrups). Provides Tourism equal to its Faith output with Flight. Cannot be built on Hills tiles."
CIVILIZATION_SCYTHIA,LOC_CIVILIZATION_SCYTHIA_DESCRIPTION,TRAIT_CIVILIZATION_UNIT_SCYTHIAN_HORSE_ARCHER,Saka_Horse_Archer_%28Civ6%29,LOC_TRAIT_CIVILIZATION_UNIT_SCYTHIAN_HORSE_ARCHER_NAME,,UU,,Scythian unique unit: Saka Horse Archer,Saka Horse Archer: unique ranged cavalry. Has a ranged attack with Range 1. Ignores enemy zone of control.
CIVILIZATION_SPAIN,LOC_CIVILIZATION_SPAIN_DESCRIPTION,TRAIT_CIVILIZATION_IMPROVEMENT_MISSION,Mission_%28Civ6%29,LOC_TRAIT_CIVILIZATION_IMPROVEMENT_MISSION_NAME,,UI,,Spanish unique improvement: Mission,"Mission: tile improvement. +2 Faith. +2 Faith additionally, 1 Food, 1 Production if on a different continent than your Capital. +1 Science for every adjacent Campus and Holy Site. +2 Science (requires Cultural Heritage). +2 Loyalty per turn for cities with a Mission next to the City Center and not on the original Capital's continent"
CIVILIZATION_SPAIN,LOC_CIVILIZATION_SPAIN_DESCRIPTION,TRAIT_CIVILIZATION_TREASURE_FLEET,Spanish_%28Civ6%29,LOC_TRAIT_CIVILIZATION_TREASURE_FLEET_NAME,LOC_TRAIT_CIVILIZATION_TREASURE_FLEET_EXPANSION2_DESCRIPTION,CA,,Treasure Fleet,"May form Fleets and Armadas with Mercantilism, instead of Nationalism and Mobilization. Trade Routes receive 3 Gold, 2 Faith and 1 Production. Trade Routes between cities on different continents gain triple these yields. Cities not on your original Capital's continent receive 25% extra Production towards Districts and a Builder when founded."
CIVILIZATION_SPAIN,LOC_CIVILIZATION_SPAIN_DESCRIPTION,TRAIT_CIVILIZATION_UNIT_SPANISH_CONQUISTADOR,Conquistador_%28Civ6%29,LOC_TRAIT_CIVILIZATION_UNIT_SPANISH_CONQUISTADOR_NAME,,UU,,Spanish unique unit: Conquistador,Conquistador: replaces Musketman. +10 Combat Strength when escorting (or when within 1 tile of) a religious unit. Converts cities to Spain's majority Religion if it captures a city or is adjacent to the city when it is captured. Higher Combat Strength (58 vs. 55). Higher Production cost (250 vs. 240).
CIVILIZATION_SUMERIA,LOC_CIVILIZATION_SUMERIA_DESCRIPTION,TRAIT_CIVILIZATION_FIRST_CIVILIZATION,Sumerian_%28Civ6%29,LOC_TRAIT_CIVILIZATION_FIRST_CIVILIZATION_NAME,LOC_TRAIT_CIVILIZATION_FIRST_CIVILIZATION_DESCRIPTION,CA,,Epic Quests,Capturing a Barbarian Outpost also grants a Tribal Village reward. Levying city-state units costs 50% less Gold.
CIVILIZATION_SUMERIA,LOC_CIVILIZATION_SUMERIA_DESCRIPTION,TRAIT_CIVILIZATION_IMPROVEMENT_ZIGGURAT,Ziggurat_%28Civ6%29,LOC_TRAIT_CIVILIZATION_IMPROVEMENT_ZIGGURAT_NAME,,UI,,Sumerian unique improvement: Ziggurat,"Ziggurat: tile improvement, available without any technological research. +2 Science. +1 Culture if placed adjacent to a River. +1 Culture (with Natural History). Cannot be built on Hills tiles."
CIVILIZATION_SUMERIA,LOC_CIVILIZATION_SUMERIA_DESCRIPTION,TRAIT_CIVILIZATION_UNIT_SUMERIAN_WAR_CART,War-Cart_%28Civ6%29,LOC_TRAIT_CIVILIZATION_UNIT_SUMERIAN_WAR_CART_NAME,,UU,,Sumerian unique unit: War-Cart,"War-Cart: unique heavy cavalry, available without any technological research. Strongest of the starting units in the game (30 Combat Strength, 3 Movement, 2 Sight). No combat penalties against anti-cavalry units. +1 Movement when starting its turn on flat terrain with no Woods or Rainforests. Ignores enemy zone of control."
CIVILIZATION_AZTEC,LOC_CIVILIZATION_AZTEC_DESCRIPTION,TRAIT_CIVILIZATION_BUILDING_TLACHTLI,Tlachtli_%28Civ6%29,LOC_TRAIT_CIVILIZATION_BUILDING_TLACHTLI_NAME,,UI,,Aztec unique building: Tlachtli,Tlachtli: replaces Arena. +2 Faith. +1 Great General point per turn. Lower Production cost (135 vs. 150). +2 Amenity from Entertainment (same as Arena). +2 Culture. +1 Tourism after developing the Conservation civic.
CIVILIZATION_AZTEC,LOC_CIVILIZATION_AZTEC_DESCRIPTION,TRAIT_CIVILIZATION_LEGEND_FIVE_SUNS,Aztec_%28Civ6%29,LOC_TRAIT_CIVILIZATION_LEGEND_FIVE_SUNS_NAME,LOC_TRAIT_CIVILIZATION_LEGEND_FIVE_SUNS_DESCRIPTION,CA,,Legend of the Five Suns,Can spend Builder charges to complete 20% of a district's Production cost.
CIVILIZATION_AZTEC,LOC_CIVILIZATION_AZTEC_DESCRIPTION,TRAIT_CIVILIZATION_UNIT_AZTEC_EAGLE_WARRIOR,Eagle_Warrior_%28Civ6%29,LOC_TRAIT_CIVILIZATION_UNIT_AZTEC_EAGLE_WARRIOR_NAME,,UU,,Aztec unique unit: Eagle Warrior,"Eagle Warrior: replaces Warrior. Can capture defeated enemy units, turning them into Builders for the Aztecs. Higher Combat Strength (28 vs. 20). Higher Production cost (65 vs. 40)."
CIVILIZATION_INDONESIA,LOC_CIVILIZATION_INDONESIA_DESCRIPTION,TRAIT_CIVILIZATION_IMPROVEMENT_KAMPUNG,Kampung_%28Civ6%29,LOC_TRAIT_CIVILIZATION_IMPROVEMENT_KAMPUNG_NAME,,UI,,,Kampung: tile improvement. It must be built on Coast or Lake tiles adjacent to sea resources. +1 Production. +1 Housing. +1 Food from every adjacent Fishing Boats. Provides Tourism from Food after researching Flight. +1 Housing (with Mass Production). +1 Production (with Civil Engineering).
CIVILIZATION_INDONESIA,LOC_CIVILIZATION_INDONESIA_DESCRIPTION,TRAIT_CIVILIZATION_INDONESIA_NUSANTARA,Indonesian_%28Civ6%29,LOC_TRAIT_CIVILIZATION_INDONESIA_NUSANTARA_NAME,LOC_TRAIT_CIVILIZATION_INDONESIA_NUSANTARA_DESCRIPTION,CA,,,"Coast and Lake tiles provide a +0.5 adjacency bonus for Holy Site, Campus, Industrial Zone, and Theater Square districts. Entertainment Complexes built adjacent to a Coast or Lake tile provide +1 Amenity."
CIVILIZATION_INDONESIA,LOC_CIVILIZATION_INDONESIA_DESCRIPTION,TRAIT_CIVILIZATION_UNIT_INDONESIAN_JONG,Jong_%28Civ6%29,LOC_TRAIT_CIVILIZATION_UNIT_INDONESIAN_JONG_NAME,,UU,,,"Jong: replaces Frigate and unlocked with Mercenaries. When in formation, +5 Combat Strength and shares its Movement with all units in the formation. No strategic resource requirement. Higher Movement (5 vs. 4). Higher Production cost (300 vs. 280)."
CIVILIZATION_KHMER,LOC_CIVILIZATION_KHMER_DESCRIPTION,TRAIT_CIVILIZATION_BUILDING_PRASAT,Prasat_%28Civ6%29,LOC_TRAIT_CIVILIZATION_BUILDING_PRASAT_NAME,,UI,,,"Prasat: replaces Temple. +6 Faith (2 more than Temple). +0.5 Culture for every Citizen Population in this city. Provides 10 Tourism if the city has 10 or more Citizen Population, and 20 Tourism if the city has 20 or more Citizen Population after Flight is researched."
CIVILIZATION_KHMER,LOC_CIVILIZATION_KHMER_DESCRIPTION,TRAIT_CIVILIZATION_KHMER_BARAYS,Khmer_%28Civ6%29,LOC_TRAIT_CIVILIZATION_KHMER_BARAYS_NAME,LOC_TRAIT_CIVILIZATION_KHMER_BARAYS_EXPANSION2_DESCRIPTION,CA,,,"Cities with an Aqueduct receive +1 Amenity, and +1 Faith for every point of Citizen Population in the city. Farms receive +2 Food when adjacent to an Aqueduct, and +1 Faith when adjacent to a Holy Site."
CIVILIZATION_KHMER,LOC_CIVILIZATION_KHMER_DESCRIPTION,TRAIT_CIVILIZATION_UNIT_KHMER_DOMREY,Domrey_%28Civ6%29,LOC_TRAIT_CIVILIZATION_UNIT_KHMER_DOMREY_NAME,,UU,,,Domrey: replaces Trebuchet. Can move and attack on the same turn. Exerts zone of control. Higher Combat Strength (40 vs. 35). Higher Bombard Strength (50 vs. 45).
CIVILIZATION_POLAND,LOC_CIVILIZATION_POLAND_DESCRIPTION,TRAIT_CIVILIZATION_BUILDING_SUKIENNICE,Sukiennice_%28Civ6%29,LOC_BUILDING_SUKIENNICE_NAME,LOC_BUILDING_SUKIENNICE_DESCRIPTION,UI,,,Sukiennice: replaces Market. +4 Gold from domestic Trade Routes and +2 Production from international Trade Routes in addition to Market bonuses.
CIVILIZATION_POLAND,LOC_CIVILIZATION_POLAND_DESCRIPTION,TRAIT_CIVILIZATION_GOLDEN_LIBERTY,Polish_%28Civ6%29,LOC_TRAIT_CIVILIZATION_GOLDEN_LIBERTY_NAME,LOC_TRAIT_CIVILIZATION_GOLDEN_LIBERTY_DESCRIPTION,CA,,,"Building an Encampment or Fort triggers a Culture Bomb, claiming surrounding tiles. One Military policy slot in all governments is converted into a Wildcard policy slot."
CIVILIZATION_POLAND,LOC_CIVILIZATION_POLAND_DESCRIPTION,TRAIT_CIVILIZATION_UNIT_POLISH_HUSSAR,Winged_Hussar_%28Civ6%29,LOC_UNIT_POLISH_HUSSAR_NAME,LOC_UNIT_POLISH_HUSSAR_DESCRIPTION,UU,,,Winged Hussar: replaces Cuirassier. Pushes back enemies if it does more damage than it takes when attacking. Defenders that cannot be pushed back take additional damage.
CIVILIZATION_NUBIA,LOC_CIVILIZATION_NUBIA_DESCRIPTION,TRAIT_CIVILIZATION_IMPROVEMENT_PYRAMID,Nubian_Pyramid_%28Civ6%29,LOC_TRAIT_CIVILIZATION_IMPROVEMENT_PYRAMID_NAME,LOC_TRAIT_CIVILIZATION_IMPROVEMENT_PYRAMID_DESCRIPTION,UI,,,"Nubian Pyramid: tile improvement. Must be built on Desert, Desert (Hills) or Desert Floodplains tiles. +2 Faith, +2 Food. +1 Food if adjacent to a City Center. +1 Science if adjacent to a Campus. +1 Gold if adjacent to a Commercial Hub. +1 Gold if adjacent to a Harbor. +1 Faith if adjacent to a Holy Site. +1 Production if adjacent to an Industrial Zone. +1 Culture if adjacent to a Theater Square."
CIVILIZATION_NUBIA,LOC_CIVILIZATION_NUBIA_DESCRIPTION,TRAIT_CIVILIZATION_TA_SETI,Nubian_%28Civ6%29,LOC_TRAIT_CIVILIZATION_TA_SETI_NAME,LOC_TRAIT_CIVILIZATION_TA_SETI_DESCRIPTION,CA,,,"+30% Production toward Ranged units. Ranged units gain +50% combat experience. +1 Production for Mines over strategic resources, and +2 Gold for Mines over bonus and luxury resources."
CIVILIZATION_NUBIA,LOC_CIVILIZATION_NUBIA_DESCRIPTION,TRAIT_CIVILIZATION_UNIT_NUBIAN_PITATI,P%3Ftati_Archer_%28Civ6%29,LOC_TRAIT_CIVILIZATION_UNIT_NUBIAN_PITATI_NAME,LOC_TRAIT_CIVILIZATION_UNIT_NUBIAN_PITATI_DESCRIPTION,UU,,,Pítati Archer: replaces Archer. Higher Combat Strength (17 vs. 15). Higher Ranged Strength (30 vs. 25). Higher Movement (3 vs. 2). Higher Production cost (70 vs. 60).
CIVILIZATION_MACEDON,LOC_CIVILIZATION_MACEDON_DESCRIPTION,TRAIT_CIVILIZATION_BUILDING_BASILIKOI_PAIDES,Basilikoi_Paides_%28Civ6%29,LOC_BUILDING_BASILIKOI_PAIDES_NAME,LOC_BUILDING_BASILIKOI_PAIDES_DESCRIPTION,UI,,,Basilikoi Paides: replaces Barracks. Gain Science equal to 25% of the unit's cost when a non-civilian unit is created in this city.
CIVILIZATION_MACEDON,LOC_CIVILIZATION_MACEDON_DESCRIPTION,TRAIT_CIVILIZATION_HELLENISTIC_FUSION,Macedonian_%28Civ6%29,LOC_TRAIT_LEADER_HELLENISTIC_FUSION_NAME,LOC_TRAIT_LEADER_HELLENISTIC_FUSION_DESCRIPTION,CA,,,Conquering a city grants a free Eureka for each Encampment and Campus district in the conquered city and a free Inspiration for each Holy Site and Theater Square district.
CIVILIZATION_MACEDON,LOC_CIVILIZATION_MACEDON_DESCRIPTION,TRAIT_CIVILIZATION_UNIT_HYPASPIST,Hypaspist_(Civ6),LOC_TRAIT_CIVILIZATION_UNIT_HYPASPIST_NAME,,UU,,,Hypaspist: replaces Swordsman. +5 Combat Strength when besieging a District. Increased support bonus (3 vs. 2). Higher Combat Strength (38 vs. 35). Higher Production cost (100 vs. 90).
CIVILIZATION_PERSIA,LOC_CIVILIZATION_PERSIA_DESCRIPTION,TRAIT_CIVILIZATION_IMPROVEMENT_PAIRIDAEZA,Pairidaeza_%28Civ6%29,LOC_IMPROVEMENT_PAIRIDAEZA_NAME,LOC_IMPROVEMENT_PAIRIDAEZA_DESCRIPTION,UI,,,"Pairidaeza: tile improvement. +1 Culture, +2 Gold, +1 Appeal. +1 Culture for every adjacent Holy Site and Theater Square. +1 Gold for every adjacent Commercial Hub and City Center. +1 Culture (with Diplomatic Service). Cannot be built on Tundra or Snow tiles or adjacent to another Pairidaeza."
CIVILIZATION_PERSIA,LOC_CIVILIZATION_PERSIA_DESCRIPTION,TRAIT_CIVILIZATION_SATRAPIES,Persian_%28Civ6%29,LOC_TRAIT_CIVILIZATION_SATRAPIES_NAME,LOC_TRAIT_CIVILIZATION_SATRAPIES_DESCRIPTION,CA,,,Gains +1 Trade Route capacity with Political Philosophy. Domestic Trade Routes provide +2 Gold and +1 Culture. Roads built inside Persian territory are one level more advanced than usual.
CIVILIZATION_PERSIA,LOC_CIVILIZATION_PERSIA_DESCRIPTION,TRAIT_CIVILIZATION_UNIT_IMMORTAL,Immortal_%28Civ6%29,LOC_UNIT_PERSIAN_IMMORTAL_NAME,LOC_UNIT_PERSIAN_IMMORTAL_DESCRIPTION,UU,,,"Immortal: replaces Swordsman. Has a ranged attack (25 Ranged Strength, 2 Range). Can still make melee attacks. -17 Ranged Strength against District defenses and Naval units. Higher Production cost (100 vs. 90)."
CIVILIZATION_AUSTRALIA,LOC_CIVILIZATION_AUSTRALIA_DESCRIPTION,TRAIT_CIVILIZATION_IMPROVEMENT_OUTBACK_STATION,Outback_Station_%28Civ6%29,LOC_IMPROVEMENT_OUTBACK_STATION_NAME,,UI,,,"Outback Station: tile improvement, must be built on flat Grassland, Plains, Desert, or Desert Hills tiles. +1 Food, +1 Production, +0.5 Housing, +1 Food from every adjacent Pasture, +1 Production to every adjacent Pasture (with Steam Power), +1 Production from every 2 adjacent Outback Stations (with Steam Power), +1 Food from every 2 adjacent Outback Stations (with Rapid Deployment)"
CIVILIZATION_AUSTRALIA,LOC_CIVILIZATION_AUSTRALIA_DESCRIPTION,TRAIT_CIVILIZATION_LAND_DOWN_UNDER,Australian_%28Civ6%29,LOC_TRAIT_CIVILIZATION_LAND_DOWN_UNDER_NAME,LOC_TRAIT_CIVILIZATION_LAND_DOWN_UNDER_DESCRIPTION,CA,,,"+3 Housing in coastal cities. Building a Pasture triggers a Culture Bomb, claiming surrounding tiles. Campus, Commercial Hub, Holy Site, and Theater Square districts gain +1 to their yields in tiles with Charming Appeal, and +3 in tiles with Breathtaking Appeal."
CIVILIZATION_AUSTRALIA,LOC_CIVILIZATION_AUSTRALIA_DESCRIPTION,TRAIT_CIVILIZATION_UNIT_DIGGER,Digger_%28Civ6%29,LOC_UNIT_DIGGER_NAME,,UU,,,Digger: replaces Infantry. +10 Strength Combat Strength on coastal tiles. +5 Strength Combat Strength outside Australian territory. Higher Strength Combat Strength (78 vs. 75). No strategic resource requirement.
CIVILIZATION_CREE,LOC_CIVILIZATION_CREE_DESCRIPTION,TRAIT_CIVILIZATION_CREE_TRADE_GAIN_TILES,Cree_%28Civ6%29,LOC_TRAIT_CIVILIZATION_CREE_TRADE_GAIN_TILES_NAME,LOC_TRAIT_CIVILIZATION_CREE_TRADE_GAIN_TILES_DESCRIPTION,CA,,,Gains +1 Trade Route capacity and a free Trader with Pottery. Unclaimed tiles within three tiles of a Cree city come under Cree control when a Trader first moves into them.
CIVILIZATION_CREE,LOC_CIVILIZATION_CREE_DESCRIPTION,TRAIT_CIVILIZATION_IMPROVEMENT_MEKEWAP,Mekewap_%28Civ6%29,LOC_IMPROVEMENT_MEKEWAP_NAME,,UI,,,"Mekewap: tile improvement. Must be built adjacent to a Bonus or Luxury Resource. +1 Production, +1 Housing. +1 additional Production and Housing (with Civil Service). +1 Gold if adjacent to a Luxury Resource. +2 additional Gold for each adjacent Luxury Resource (with Cartography). +1 Food for every two adjacent Bonus Resources, increasing to +1 Food Food for each adjacent Bonus Resource (with Conservation). Cannot be adjacent to another Mekewap."
CIVILIZATION_CREE,LOC_CIVILIZATION_CREE_DESCRIPTION,TRAIT_CIVILIZATION_UNIT_CREE_OKIHTCITAW,Okihtcitaw_%28Civ6%29,LOC_TRAIT_CIVILIZATION_UNIT_CREE_OKIHTCITAW_NAME,,UU,,,Okihtcitaw: replaces Scout. Starts with one free Promotion. Higher Production cost (40 vs. 30). Higher Combat Strength (20 vs. 10).
CIVILIZATION_GEORGIA,LOC_CIVILIZATION_GEORGIA_DESCRIPTION,TRAIT_CIVILIZATION_BUILDING_TSIKHE,Tsikhe_%28Civ6%29,LOC_TRAIT_CIVILIZATION_BUILDING_TSIKHE_NAME,,UI,,,Tsikhe: replaces Renaissance Walls. Lower Production cost (260 vs. 300). +4 Faith. +200 Outer Defense Strength (100 more than Renaissance Walls). +100% Tourism and Faith while in a Golden Age.
CIVILIZATION_GEORGIA,LOC_CIVILIZATION_GEORGIA_DESCRIPTION,TRAIT_CIVILIZATION_GOLDEN_AGE_QUESTS,Georgian_%28Civ6%29,LOC_TRAIT_CIVILIZATION_GOLDEN_AGE_QUESTS_NAME,LOC_TRAIT_CIVILIZATION_GOLDEN_AGE_QUESTS_DESCRIPTION,CA,,,"Dedications chosen at the beginning of a Golden Age or Heroic Age also grant their Normal Age bonuses towards improving Era Score, in addition to their regular bonuses. +50% Production towards walls."
CIVILIZATION_GEORGIA,LOC_CIVILIZATION_GEORGIA_DESCRIPTION,TRAIT_CIVILIZATION_UNIT_GEORGIAN_KHEVSURETI,Khevsur_%28Civ6%29,LOC_TRAIT_CIVILIZATION_UNIT_GEORGIAN_KHEVSURETI_NAME,,UU,,,Khevsur: replaces Man-At-Arms . No Movement penalty in Hills. +7 Combat Strength when fighting in Hills. Higher Combat Strength (48 vs. 45).
CIVILIZATION_KOREA,LOC_CIVILIZATION_KOREA_DESCRIPTION,TRAIT_CIVILIZATION_DISTRICT_SEOWON,Campus_%28Civ6%29,LOC_TRAIT_CIVILIZATION_DISTRICT_SEOWON_NAME,,UI,,,Seowon: replaces the Campus and must be built on Hills. Lower Production Production cost (27 vs. 54). Has a starting adjacency bonus of +4 Science. -1 Science for each adjacent District.
CIVILIZATION_KOREA,LOC_CIVILIZATION_KOREA_DESCRIPTION,TRAIT_CIVILIZATION_THREE_KINGDOMS,Korean_%28Civ6%29,LOC_TRAIT_CIVILIZATION_THREE_KINGDOMS_NAME,LOC_TRAIT_CIVILIZATION_THREE_KINGDOMS_DESCRIPTION,CA,,,Farms receive +1 Food and Mines receive +1 Science for each adjacent Seowon.
CIVILIZATION_KOREA,LOC_CIVILIZATION_KOREA_DESCRIPTION,TRAIT_CIVILIZATION_UNIT_KOREAN_HWACHA,Hwacha_%28Civ6%29,LOC_TRAIT_CIVILIZATION_UNIT_KOREAN_HWACHA_NAME,,UU,,,"Hwacha: replaces Field Cannon. Unlocked with Gunpowder rather than Ballistics. Cannot attack after moving unless its maximum Movement is 3 or more. Lower Production cost (250 vs. 330). Lower Combat Strength (45 vs. 50, ranged is same at 60). Lower Gold maintenance cost (3 vs. 5)."
CIVILIZATION_MAPUCHE,LOC_CIVILIZATION_MAPUCHE_DESCRIPTION,TRAIT_CIVILIZATION_IMPROVEMENT_CHEMAMULL,Chemamull_%28Civ6%29,LOC_IMPROVEMENT_CHEMAMULL_NAME,,UI,,,Chemamull: tile improvement. Must be built on a tile with an Appeal of Breathtaking (4 or more). +1 Production. Provides Culture equal to 75% of its tile's Appeal.
CIVILIZATION_MAPUCHE,LOC_CIVILIZATION_MAPUCHE_DESCRIPTION,TRAIT_CIVILIZATION_MAPUCHE_TOQUI,Mapuche_%28Civ6%29,LOC_TRAIT_CIVILIZATION_MAPUCHE_TOQUI_NAME,LOC_TRAIT_CIVILIZATION_MAPUCHE_TOQUI_DESCRIPTION,CA,,,"Cities with an established Governor gain +5% Culture, +5% Production, and +10% combat experience towards all units trained in the city. These numbers are tripled in cities not founded by the Mapuche. All cities within 9 tiles of a city with your Governor gain +4 Loyalty per turn towards your civilization."
CIVILIZATION_MAPUCHE,LOC_CIVILIZATION_MAPUCHE_DESCRIPTION,TRAIT_CIVILIZATION_UNIT_MAPUCHE_MALON_RAIDER,Mal%3Fn_Raider_%28Civ6%29,LOC_TRAIT_CIVILIZATION_UNIT_MAPUCHE_MALON_RAIDER_NAME,,UU,,,Malón Raider: unique light cavalry. +5 Combat Strength within 4 tiles of friendly territory. Pillaging only costs 1 Movement. Ignores enemy zone of control.
CIVILIZATION_MONGOLIA,LOC_CIVILIZATION_MONGOLIA_DESCRIPTION,TRAIT_CIVILIZATION_BUILDING_ORDU,Ordu_%28Civ6%29,LOC_TRAIT_CIVILIZATION_BUILDING_ORDU_NAME,,UI,,,Ordu: replaces Stable. +1 Movement for all cavalry units trained in this city.
CIVILIZATION_MONGOLIA,LOC_CIVILIZATION_MONGOLIA_DESCRIPTION,TRAIT_CIVILIZATION_MONGOLIAN_ORTOO,Mongolian_(Civ6),LOC_TRAIT_CIVILIZATION_MONGOLIAN_ORTOO_NAME,LOC_TRAIT_CIVILIZATION_MONGOLIAN_ORTOO_DESCRIPTION,CA,,,"Sending a Trade Route immediately creates a Trading Post in the destination city, instead of when the Trade Route is completed. Gains an extra level of Diplomatic Visibility with civilizations that have a Mongolian Trading Post. +6 Combat Strength for all units for each level of Diplomatic Visibility Mongolia has over the other civilization, instead of the usual +3 Combat Strength."
CIVILIZATION_MONGOLIA,LOC_CIVILIZATION_MONGOLIA_DESCRIPTION,TRAIT_CIVILIZATION_UNIT_MONGOLIAN_KESHIG,Keshig_%28Civ6%29,LOC_TRAIT_CIVILIZATION_UNIT_MONGOLIAN_KESHIG_NAME,,UU,,,"Keshig: unique ranged cavalry. High Movement. Ignores enemy zone of control. Has a ranged attack with Range 2. When in formation, shares its Movement with all units in the formation."
CIVILIZATION_NETHERLANDS,LOC_CIVILIZATION_NETHERLANDS_DESCRIPTION,TRAIT_CIVILIZATION_GROTE_RIVIEREN,Dutch_%28Civ6%29,LOC_TRAIT_CIVILIZATION_GROTE_RIVIEREN_NAME,LOC_TRAIT_CIVILIZATION_GROTE_RIVIEREN_EXPANSION2_DESCRIPTION,CA,,,"Rivers provide a +2 adjacency bonus for Campus, Theater Square, and Industrial Zone districts. Building a Harbor triggers a Culture Bomb, claiming surrounding tiles. +50% Production towards the Dam district and Flood Barrier building."
CIVILIZATION_NETHERLANDS,LOC_CIVILIZATION_NETHERLANDS_DESCRIPTION,TRAIT_CIVILIZATION_IMPROVEMENT_POLDER,Polder_%28Civ6%29,LOC_IMPROVEMENT_POLDER_NAME,,UI,,,"Polder: tile improvement. It must be built on Coast or Lake tiles with at least three adjacent non-Mountain land tiles. +1 Food. +1 Food for every adjacent Polder, increasing to +2 Food for each adjacent Polder (with Replaceable Parts). +1 Production. +0.5 Housing. +4 Gold (with Civil Engineering). +1 Production for every adjacent Polder (with Replaceable Parts). Increases Movement cost of tile to 3."
CIVILIZATION_NETHERLANDS,LOC_CIVILIZATION_NETHERLANDS_DESCRIPTION,TRAIT_CIVILIZATION_UNIT_DUTCH_ZEVEN_PROVINCIEN,De_Zeven_Provinci%3Fn_%28Civ6%29,LOC_TRAIT_CIVILIZATION_UNIT_DUTCH_ZEVEN_PROVINCIEN_NAME,,UU,,,De Zeven Provinciën: replaces Frigate. +7 Ranged Strength when attacking defensible Districts. Higher Combat Strength (50 vs. 45). Higher Ranged Strength (60 vs. 55).
CIVILIZATION_SCOTLAND,LOC_CIVILIZATION_SCOTLAND_DESCRIPTION,TRAIT_CIVILIZATION_IMPROVEMENT_GOLF_COURSE,Golf_Course_%28Civ6%29,LOC_IMPROVEMENT_GOLF_COURSE_NAME,,UI,,,"Golf Course: tile improvement. +2 Amenities, +2 Gold, +1 Appeal. +1 Culture if adjacent to a City Center. +1 Culture if adjacent to an Entertainment Complex. +1 Housing (with Globalization). Cannot be built on Desert or Desert Hills tiles. Limit of one per city. Tiles with Golf Courses cannot be swapped."
CIVILIZATION_SCOTLAND,LOC_CIVILIZATION_SCOTLAND_DESCRIPTION,TRAIT_CIVILIZATION_SCOTTISH_ENLIGHTENMENT,Scottish_%28Civ6%29,LOC_TRAIT_CIVILIZATION_SCOTTISH_ENLIGHTENMENT_NAME,LOC_TRAIT_CIVILIZATION_SCOTTISH_ENLIGHTENMENT_DESCRIPTION,CA,,,"Happy cities gain +5% Science and +5% Production, and generate +1 Great Scientist points in their Campuses and +1 Great Engineer points in their Industrial Zones. Ecstatic cities double these bonuses."
CIVILIZATION_SCOTLAND,LOC_CIVILIZATION_SCOTLAND_DESCRIPTION,TRAIT_CIVILIZATION_UNIT_SCOTTISH_HIGHLANDER,Highlander_%28Civ6%29,LOC_TRAIT_CIVILIZATION_UNIT_SCOTTISH_HIGHLANDER_NAME,,UU,,,Highlander: replaces Ranger. +5 Combat Strength in Hills and Woods. Exerts zone of control. Higher Combat Strength (50 vs. 45). Higher Ranged Strength (65 vs. 60).
CIVILIZATION_ZULU,LOC_CIVILIZATION_ZULU_DESCRIPTION,TRAIT_CIVILIZATION_DISTRICT_IKANDA,Encampment_%28Civ6%29,LOC_TRAIT_CIVILIZATION_DISTRICT_IKANDA_NAME,,UI,,,Ikanda: replaces Encampment. Lower Production cost (27 vs. 54). +1 Housing. 25% faster training of Corps and Armies. Allows Corps and Armies to be built without the Military Academy building. Buildings in the Ikanda provide +2 Gold and +1 Science.
CIVILIZATION_ZULU,LOC_CIVILIZATION_ZULU_DESCRIPTION,TRAIT_CIVILIZATION_UNIT_ZULU_IMPI,Impi_%28Civ6%29,LOC_TRAIT_CIVILIZATION_UNIT_ZULU_IMPI_NAME,,UU,,,Impi: replaces Pikeman. Gains 50% more experience. Lower Production cost (125 vs. 200). Lower Gold maintenance cost (1 vs. 3). Increased flanking bonus (4 vs. 2).
CIVILIZATION_ZULU,LOC_CIVILIZATION_ZULU_DESCRIPTION,TRAIT_CIVILIZATION_ZULU_ISIBONGO,Zulu_%28Civ6%29,LOC_TRAIT_CIVILIZATION_ZULU_ISIBONGO_NAME,LOC_TRAIT_CIVILIZATION_ZULU_ISIBONGO_DESCRIPTION,CA,,,"Capturing a city will upgrade the conquering unit into a Corps or Army if the necessary civics are unlocked. +3 Loyalty per turn to cities with a garrisoned unit, increasing to +5 if the garrisoned unit is a Corps or Army."
CIVILIZATION_CANADA,LOC_CIVILIZATION_CANADA_DESCRIPTION,TRAIT_CIVILIZATION_FACES_OF_PEACE,Canadian_%28Civ6%29,LOC_TRAIT_CIVILIZATION_FACES_OF_PEACE_NAME,LOC_TRAIT_CIVILIZATION_FACES_OF_PEACE_DESCRIPTION,CA,,,"Cannot declare Surprise Wars or war on city-states. Surprise Wars cannot be declared on Canada. For every 100 Tourism earned, gain 1 Diplomatic Favor. +100% Diplomatic Favor gained from successfully completing Emergencies or Scored Competitions."
CIVILIZATION_CANADA,LOC_CIVILIZATION_CANADA_DESCRIPTION,TRAIT_CIVILIZATION_IMPROVEMENT_ICE_HOCKEY_RINK,Ice_Hockey_Rink_%28Civ6%29,LOC_IMPROVEMENT_ICE_HOCKEY_RINK_NAME,,UI,,,"Ice Hockey Rink: tile improvement. It must be built on Tundra, Tundra Hills, Snow, or Snow Hills tiles. +1 Amenity. +2 Appeal to surrounding tiles. +1 Culture for each adjacent Tundra, Tundra Hills, Snow, and Snow Hills tile. +2 Food and Production (with Professional Sports). +4 Culture if adjacent to a Stadium. Limit of one per city. Tiles with Ice Hockey Rinks cannot be swapped."
CIVILIZATION_CANADA,LOC_CIVILIZATION_CANADA_DESCRIPTION,TRAIT_CIVILIZATION_UNIT_CANADA_MOUNTIE,Mountie_%28Civ6%29,LOC_UNIT_CANADA_MOUNTIE_NAME,,UU,,,Mountie: unique light cavalry unit. Has Sight of 4. +5 Combat Strength when within 2 tiles of a National Park. +5 additional Combat Strength if the park is Canadian. Ignores enemy zone of control. Has 2 build charges. Can establish a National Park. (Consumes a build charge.)
CIVILIZATION_HUNGARY,LOC_CIVILIZATION_HUNGARY_DESCRIPTION,TRAIT_CIVILIZATION_BUILDING_THERMAL_BATH,Thermal_Bath_%28Civ6%29,LOC_TRAIT_CIVILIZATION_BUILDING_THERMAL_BATH_NAME,,UI,,,Thermal Bath: replaces Zoo. +2 Amenities (1 more than Zoo) from entertainment to all City Centers within 6 tiles. +2 Production to all City Centers within 6 tiles. +3 Tourism and +2 additional Amenities to this city if there is at least one Geothermal Fissure within its borders. No bonus science to rainforests or marsh as with standard Zoo.
CIVILIZATION_HUNGARY,LOC_CIVILIZATION_HUNGARY_DESCRIPTION,TRAIT_CIVILIZATION_PEARL_DANUBE,Hungarian_%28Civ6%29,LOC_TRAIT_CIVILIZATION_PEARL_DANUBE_NAME,LOC_TRAIT_CIVILIZATION_PEARL_DANUBE_DESCRIPTION,CA,,,+50% Production for districts and buildings built across a river from a City Center.'
CIVILIZATION_HUNGARY,LOC_CIVILIZATION_HUNGARY_DESCRIPTION,TRAIT_CIVILIZATION_UNIT_HUNGARY_HUSZAR,Husz%3Fr_%28Civ6%29,LOC_UNIT_HUNGARY_HUSZAR_NAME,,UU,,,Huszár: replaces Cavalry. +3 Combat Strength for every active Alliance. Higher Combat Strength (65 vs. 62). Higher Production cost (335 vs. 330).
CIVILIZATION_INCA,LOC_CIVILIZATION_INCA_DESCRIPTION,TRAIT_CIVILIZATION_GREAT_MOUNTAINS,Incan_%28Civ6%29,LOC_TRAIT_CIVILIZATION_GREAT_MOUNTAINS_NAME,LOC_TRAIT_CIVILIZATION_GREAT_MOUNTAINS_DESCRIPTION,CA,,,"Citizens may work Mountain tiles. Mountain tiles provide +2 Production, and +1 Food for each adjacent Terrace Farm. Mountain tiles provide an additional +1 Production when Inca reaches the Industrial Era."
CIVILIZATION_INCA,LOC_CIVILIZATION_INCA_DESCRIPTION,TRAIT_CIVILIZATION_IMPROVEMENT_TERRACE_FARM,Terrace_Farm_%28Civ6%29,LOC_IMPROVEMENT_TERRACE_FARM_NAME,,UI,,,"Terrace Farm: tile improvement. Available without any technological research and must be built on Grassland Hills, Plains Hills, Desert Hills or Volcanic Soil tiles. +1 Food, +1 Housing. +1 Food for each adjacent Mountain. +2 Production for each adjacent Aqueduct. +1 Production if adjacent to Fresh Water and not an Aqueduct."
CIVILIZATION_INCA,LOC_CIVILIZATION_INCA_DESCRIPTION,TRAIT_CIVILIZATION_UNIT_INCA_WARAKAQ,Warak'aq_(Civ6),LOC_UNIT_UNIT_INCA_WARAKAQ_NAME,,UU,,,Warak'aq: replaces Skirmisher. Can make 1 additional attack per turn if Movement allows. Higher Production cost (165 vs. 150). Higher Ranged Strength (40 vs. 30).
CIVILIZATION_MALI,LOC_CIVILIZATION_MALI_DESCRIPTION,TRAIT_CIVILIZATION_DISTRICT_SUGUBA,Commercial_Hub_%28Civ6%29,LOC_DISTRICT_SUGUBA_NAME,,UI,,,Suguba: replaces Commercial Hub. Lower Production cost (27 vs. 54). Major bonus (+2 Gold) for a nearby Holy Site (instead of Harbour). 20% discount on all Gold and Faith purchases in this city.
CIVILIZATION_MALI,LOC_CIVILIZATION_MALI_DESCRIPTION,TRAIT_CIVILIZATION_MALI_GOLD_DESERT,Malian_%28Civ6%29,LOC_TRAIT_CIVILIZATION_MALI_GOLD_DESERT_NAME,LOC_TRAIT_CIVILIZATION_MALI_GOLD_DESERT_DESCRIPTION,CA,,,City Centers receive +1 Faith and +1 Food for every adjacent Desert and Desert Hills tile. Mines receive -1 Production and +4 Gold. May purchase Commercial Hub buildings with Faith. -30% Production towards buildings and units.
CIVILIZATION_MALI,LOC_CIVILIZATION_MALI_DESCRIPTION,TRAIT_CIVILIZATION_UNIT_MALI_MANDEKALU_CAVALRY,Mandekalu_Cavalry_%28Civ6%29,LOC_UNIT_MALI_MANDEKALU_CAVALRY_NAME,,UU,,,Mandekalu Cavalry: replaces Knight. Prevents friendly Traders within 4 tiles from being plundered as long as they are on a land tile. Provides Gold equal to 100% of the base Strength Combat Strength of each defeated enemy unit. Higher Combat Strength (55 vs. 50).
CIVILIZATION_MAORI,LOC_CIVILIZATION_MAORI_DESCRIPTION,TRAIT_CIVILIZATION_BUILDING_MARAE,Marae_%28Civ6%29,LOC_TRAIT_CIVILIZATION_BUILDING_MARAE_NAME,,UI,,,"Marae: replaces Amphitheater. +1 Culture and Faith to all of this city's tiles with a passable feature. +1 Tourism to all of this city's tiles with a feature (with Flight). No maintenance cost. 
No Great Work slots."
CIVILIZATION_MAORI,LOC_CIVILIZATION_MAORI_DESCRIPTION,TRAIT_CIVILIZATION_IMPROVEMENT_MAORI_PA,P%3F_%28Civ6%29,LOC_IMPROVEMENT_MAORI_PA_NAME,LOC_LOADING_UNIQUE_IMPROVEMENT,UI,,,Pā: built by the Toa and must be on a Hills tile. Occupying unit receives +4 Defense Strength and automatically gains 2 turns of fortification (+6 Defense Strength). A Māori unit occupying a Pā heals even if it just moved or attacked.
CIVILIZATION_MAORI,LOC_CIVILIZATION_MAORI_DESCRIPTION,TRAIT_CIVILIZATION_MAORI_MANA,M%3Fori_%28Civ6%29,LOC_TRAIT_CIVILIZATION_MAORI_MANA_NAME,LOC_TRAIT_CIVILIZATION_MAORI_MANA_DESCRIPTION,CA,,,"Starts with Sailing and Shipbuilding unlocked and the ability to enter Ocean tiles. +5 Combat Strength and +2 Movement for embarked units. Unimproved Woods and Rainforests grant +1 Production, increasing to +2 Production with Mercantilism and +3 Production with Conservation. +1 Food from Fishing Boats. Building a Fishing Boat triggers a Culture Bomb, claiming surrounding tiles. Resources cannot be harvested. Great Writers cannot be earned."
CIVILIZATION_MAORI,LOC_CIVILIZATION_MAORI_DESCRIPTION,TRAIT_CIVILIZATION_UNIT_MAORI_TOA,Toa_%28Civ6%29,LOC_UNIT_MAORI_TOA_NAME,,UU,TRAIT_CIVILIZATION_IMPROVEMENT_MAORI_PA,,Toa: replaces Swordsman. Reduces the Strength Combat Strength of adjacent enemy units by 5 (non-cumulatively). Has 1 build charge. Can construct a Pā. Can clear terrain. Higher Production cost (120 vs. 90). No Gold maintenance cost. Higher Combat Strength (38 vs. 35). No strategic resource requirement.
CIVILIZATION_OTTOMAN,LOC_CIVILIZATION_OTTOMAN_DESCRIPTION,TRAIT_CIVILIZATION_BUILDING_GRAND_BAZAAR,Grand_Bazaar_%28Civ6%29,LOC_TRAIT_CIVILIZATION_BUILDING_GRAND_BAZAAR_NAME,,UI,,,Grand Bazaar: replaces Bank. Lower Production Production cost (220 vs. 290). Accumulate one extra Strategic resource for every different type of Strategic resources this city has improved. Receive 1 Amenity for every type of Luxury resource this city has improved.
CIVILIZATION_OTTOMAN,LOC_CIVILIZATION_OTTOMAN_DESCRIPTION,TRAIT_CIVILIZATION_GREAT_TURKISH_BOMBARD,Ottoman_%28Civ6%29,LOC_TRAIT_CIVILIZATION_GREAT_TURKISH_BOMBARD_NAME,LOC_TRAIT_CIVILIZATION_GREAT_TURKISH_BOMBARD_DESCRIPTION,CA,,,+30% Production toward Siege units. Siege units gain +5 Combat Strength when attacking defensible districts. Conquering a city doesn't cause that city to lose Citizen Population. +1 Amenity and +4 Loyalty per turn for cities not founded by the Ottomans.
CIVILIZATION_OTTOMAN,LOC_CIVILIZATION_OTTOMAN_DESCRIPTION,TRAIT_CIVILIZATION_UNIT_OTTOMAN_BARBARY_CORSAIR,Barbary_Corsair_%28Civ6%29,LOC_UNIT_OTTOMAN_BARBARY_CORSAIR_NAME,,UU,,,Barbary Corsair: replaces Privateer and is unlocked with Medieval Faires. Uses no Movement to perform coastal raids. Lower Production cost (240 vs. 280). Lower Gold maintenance cost (3 vs. 4).
CIVILIZATION_PHOENICIA,LOC_CIVILIZATION_PHOENICIA_DESCRIPTION,TRAIT_CIVILIZATION_DISTRICT_COTHON,Harbor_%28Civ6%29,LOC_TRAIT_CIVILIZATION_DISTRICT_COTHON_NAME,,UI,,,Cothon: replaces Harbour district. Lower Production cost (27 vs. 54). +50% Production towards naval units and Settlers in this city. All wounded naval units in the city's borders heal +100 HP each turn. 
CIVILIZATION_PHOENICIA,LOC_CIVILIZATION_PHOENICIA_DESCRIPTION,TRAIT_CIVILIZATION_MEDITERRANEAN_COLONIES,Phoenician_%28Civ6%29,LOC_TRAIT_CIVILIZATION_MEDITERRANEAN_COLONIES_NAME,LOC_TRAIT_CIVILIZATION_MEDITERRANEAN_COLONIES_DESCRIPTION,CA,,,"Starts with the Eureka for Writing. Coastal cities founded by Phoenicia and in the same continent as their Capital always have full Loyalty. Settlers receive +2 Movement and Sight while embarked, and pay no Movement costs to embark or disembark."
CIVILIZATION_PHOENICIA,LOC_CIVILIZATION_PHOENICIA_DESCRIPTION,TRAIT_CIVILIZATION_UNIT_PHOENICIA_BIREME,Bireme_%28Civ6%29,LOC_UNIT_PHOENICIA_BIREME_NAME,,UU,,,Bireme: replaces Galley. Prevents friendly Traders within 4 tiles from being plundered as long as they are on a water tile. Higher Combat Strength (35 vs. 30). Higher​​ Movement (4 vs. 3).
CIVILIZATION_SWEDEN,LOC_CIVILIZATION_SWEDEN_DESCRIPTION,TRAIT_CIVILIZATION_IMPROVEMENT_OPEN_AIR_MUSEUM,Open-Air_Museum_%28Civ6%29,LOC_IMPROVEMENT_OPEN_AIR_MUSEUM_NAME,,UI,,,"Open-Air Museum: tile improvement. +2 Loyalty per turn in this city. +2 Culture and +2 Tourism for each type of terrain (Snow, Tundra, Desert, Plains, or Grassland) in which at least one Swedish city is founded. Limit of one per city. Tiles with Open-Air Museums cannot be swapped."
CIVILIZATION_SWEDEN,LOC_CIVILIZATION_SWEDEN_DESCRIPTION,TRAIT_CIVILIZATION_NOBEL_PRIZE,Swedish_%28Civ6%29,LOC_TRAIT_CIVILIZATION_NOBEL_PRIZE_NAME,LOC_TRAIT_CIVILIZATION_NOBEL_PRIZE_DESCRIPTION,CA,,,Gains 50 Diplomatic Favor whenever a Great Person is earned. +1 Great Engineer points from Factories and +1 Great Scientist points from Universities. Sweden's presence in the game adds three unique World Congress competitions in the Industrial Era.
CIVILIZATION_SWEDEN,LOC_CIVILIZATION_SWEDEN_DESCRIPTION,TRAIT_CIVILIZATION_UNIT_SWEDEN_CAROLEAN,Carolean_%28Civ6%29,LOC_UNIT_CANADA_MOUNTIE_NAME,,UU,,,Carolean: replaces Pike and Shot. +3 Combat Strength per point of unused Movement. Higher Movement (3 vs. 2). Lower Gold maintenance cost (3 vs. 4).
CIVILIZATION_GRAN_COLOMBIA,LOC_CIVILIZATION_GRAN_COLOMBIA_DESCRIPTION,TRAIT_CIVILIZATION_COMANDANTE_GENERAL,Comandante_General_%28Civ6%29,LOC_UNIT_COMANDANTE_GENERAL_NAME,,UU,,,Commandate General: _
CIVILIZATION_GRAN_COLOMBIA,LOC_CIVILIZATION_GRAN_COLOMBIA_DESCRIPTION,TRAIT_CIVILIZATION_EJERCITO_PATRIOTA,Gran_Colombian_%28Civ6%29,LOC_TRAIT_CIVILIZATION_EJERCITO_PATRIOTA_NAME,LOC_TRAIT_CIVILIZATION_EJERCITO_PATRIOTA_DESCRIPTION,CA,TRAIT_CIVILIZATION_COMANDANTE_GENERAL,,+1 Movement for all units. Promoting a unit does not end that unit's turn.
CIVILIZATION_GRAN_COLOMBIA,LOC_CIVILIZATION_GRAN_COLOMBIA_DESCRIPTION,TRAIT_CIVILIZATION_IMPROVEMENT_HACIENDA,Hacienda_%28Civ6%29,LOC_IMPROVEMENT_HACIENDA_NAME,,UI,,,"Hacienda: tile improvement that must be built on Grassland, Grassland Hills, Plains or Plains Hills tiles. +2 Gold, +1 Production, +0.5 Housing. +1 Food from every two adjacent Plantations, increasing to +1 Food for each adjacent Plantation (with Replaceable Parts). Plantations and Haciendas receive +1 Production for every two adjacent Haciendas, increasing to +1 Production for each Hacienda (with Rapid Deployment)."
CIVILIZATION_GRAN_COLOMBIA,LOC_CIVILIZATION_GRAN_COLOMBIA_DESCRIPTION,TRAIT_CIVILIZATION_LLANERO,Llanero_%28Civ6%29,LOC_TRAIT_CIVILIZATION_LLANERO_NAME,,UU,,,Llanero: replaces Cavalry. +2 Strength Combat Strength for each adjacent Llanero. Regains all HP when in range of a Comandante General that uses its retire ability. Lower Gold maintenance cost (2 vs. 5).
CIVILIZATION_MAYA,LOC_CIVILIZATION_MAYA_DESCRIPTION,TRAIT_CIVILIZATION_DISTRICT_OBSERVATORY,Campus_%28Civ6%29,LOC_DISTRICT_OBSERVATORY_NAME,,UI,,,"Observatory: replaces Campus district. Lower Production cost (27 vs. 54). Major bonus (+2 Science) for every adjacent Plantation. Minor bonus (+½ Science) for every adjacent Farm or district. Does not receive adjacency bonus from Mountains, Reefs, or Geothermal Fissures."
CIVILIZATION_MAYA,LOC_CIVILIZATION_MAYA_DESCRIPTION,TRAIT_CIVILIZATION_HULCHE,Hul%27che_%28Civ6%29,LOC_UNIT_MAYAN_HULCHE_NAME,,UU,,,Hul'che: replaces Archer. +5 Ranged Strength against wounded units. Higher Ranged Strength (28 vs. 25).
CIVILIZATION_MAYA,LOC_CIVILIZATION_MAYA_DESCRIPTION,TRAIT_CIVILIZATION_MAYAB,Mayan_%28Civ6%29,LOC_TRAIT_CIVILIZATION_MAYAB_NAME,LOC_TRAIT_CIVILIZATION_MAYAB_DESCRIPTION,CA,,,"Cities do not receive additional Housing from being adjacent to fresh water or coast. Cities gain +1 Amenity for each Luxury Resource adjacent to the City Center. Farms grant +1 Housing, +1 Production if adjacent to an Observatory, and +1 Gold."
CIVILIZATION_BYZANTIUM,LOC_CIVILIZATION_BYZANTIUM_DESCRIPTION,TRAIT_CIVILIZATION_BYZANTIUM,Byzantine_%28Civ6%29,LOC_TRAIT_CIVILIZATION_BYZANTIUM_NAME,LOC_TRAIT_CIVILIZATION_BYZANTIUM_DESCRIPTION,CA,,,+3 Combat and Religious Strength for all units for each Holy City converted to Byzantium's Religion (including Byzantium's own Holy City). Byzantium's Religion is spread to nearby cities when a unit from an enemy civilization or city-state is defeated. +1 Great Prophet point from Holy Sites.
CIVILIZATION_BYZANTIUM,LOC_CIVILIZATION_BYZANTIUM_DESCRIPTION,TRAIT_CIVILIZATION_DISTRICT_HIPPODROME,Entertainment_Complex_%28Civ6%29,LOC_DISTRICT_HIPPODROME_NAME,,UI,,,Hippodrome: replaces Entertainment Complex. Lower Production cost (27 vs. 54). +3 Amenities (2 more than Entertainment Complex). Provides a free heavy cavalry unit when first constructed and for each building constructed. These units require no resource to be created or maintain.
CIVILIZATION_BYZANTIUM,LOC_CIVILIZATION_BYZANTIUM_DESCRIPTION,TRAIT_CIVILIZATION_UNIT_BYZANTINE_DROMON,Dromon_%28Civ6%29,LOC_UNIT_BYZANTINE_DROMON_NAME,,UU,,,Dromon: replaces Quadrireme. +10 Combat Strength against land and naval units. Has a ranged attack with Range 2 (1 more than Quadrireme).
CIVILIZATION_GAUL,LOC_CIVILIZATION_GAUL_DESCRIPTION,TRAIT_CIVILIZATION_DISTRICT_OPPIDUM,Industrial_Zone_%28Civ6%29,LOC_DISTRICT_OPPIDUM_NAME,,UI,,,Oppidum: replaces Industrial Zone and is unlocked with Iron Working. Lower Production Production cost (27 vs. 54). Acquires Outer Defenses and Ranged Strike along with the City Center once Walls have been built. Unlocks Apprenticeship when the first Oppidum is built. 
CIVILIZATION_GAUL,LOC_CIVILIZATION_GAUL_DESCRIPTION,TRAIT_CIVILIZATION_GAUL,Gallic_%28Civ6%29,LOC_TRAIT_CIVILIZATION_GAUL_NAME,LOC_TRAIT_CIVILIZATION_GAUL_DESCRIPTION,CA,,,"Mines gain +1 Culture, provide a +0.5 adjacency bonus for all districts and trigger a Culture Bomb when built, claiming surrounding unowned tiles. Specialty districts do not receive an adjacency bonus from other districts and cannot be built next to the City Center."
CIVILIZATION_GAUL,LOC_CIVILIZATION_GAUL_DESCRIPTION,TRAIT_CIVILIZATION_UNIT_GAUL_GAESATAE,Gaesatae_%28Civ6%29,LOC_UNIT_GAUL_GAESATAE_NAME,,UU,,,Gaesatae: replaces Warrior. +10 Combat Strength when fighting units with a higher base Combat Strength. +5 Combat Strength when fighting against District defenses. Higher Production cost (60 vs. 40).
CIVILIZATION_VIETNAM,LOC_CIVILIZATION_VIETNAM_DESCRIPTION,TRAIT_CIVILIZATION_DISTRICT_THANH,Encampment_%28Civ6%29,LOC_DISTRICT_THANH_NAME,,UI,,,Thành: replaces Encampment. Lower Production cost (27 vs. 54). +2 Culture for every adjacent District. Provides Tourism from Culture adjacency bonus after researching Flight. Is not considered a specialty District and does not require Citizen Population. Provides no Great General point.
CIVILIZATION_VIETNAM,LOC_CIVILIZATION_VIETNAM_DESCRIPTION,TRAIT_CIVILIZATION_UNIT_VIETNAMESE_VOI_CHIEN,Voi_Chi%3Fn_%28Civ6%29,LOC_UNIT_VIETNAMESE_VOI_CHIEN_NAME,,UU,,,Voi Chiến: replaces Crossbowman. Can move after attacking. Higher Combat Strength (35 vs. 30). Higher Movement (3 vs. 2). Higher Sight (3 vs. 2). Higher Production cost (200 vs. 180).
CIVILIZATION_VIETNAM,LOC_CIVILIZATION_VIETNAM_DESCRIPTION,TRAIT_CIVILIZATION_VIETNAM,Vietnamese_%28Civ6%29,LOC_TRAIT_CIVILIZATION_VIETNAM_NAME,LOC_TRAIT_CIVILIZATION_VIETNAM_DESCRIPTION,CA,,,"Land specialty Districts can only be built on Woods, Rainforest or Marsh tiles. Buildings on these features receive additional yields: +1 Culture in Woods, +1 Science in Rainforest, and +1 Production in Marsh. Can plant Woods with Medieval Faires, instead of Conservation."
CIVILIZATION_ETHIOPIA,LOC_CIVILIZATION_ETHIOPIA_DESCRIPTION,TRAIT_CIVILIZATION_ETHIOPIA,Ethiopian_%28Civ6%29,LOC_TRAIT_CIVILIZATION_ETHIOPIA_NAME,LOC_TRAIT_CIVILIZATION_ETHIOPIA_DESCRIPTION,CA,,,Improved resource tiles receive +1 Faith for each copy of the resource the city owns. International Trade Routes grant +0.5 Faith for each resource in the origin city. Can purchase Archaeologists and Archaeological Museums with Faith.
CIVILIZATION_ETHIOPIA,LOC_CIVILIZATION_ETHIOPIA_DESCRIPTION,TRAIT_CIVILIZATION_IMPROVEMENT_ROCK_HEWN_CHURCH,Rock-Hewn_Church_%28Civ6%29,LOC_TRAIT_CIVILIZATION_IMPROVEMENT_ROCK_HEWN_CHURCH_NAME,,UI,,,"Rock-Hewn Church: tile improvement, must be built on Hills or Volcanic Soil tiles. +1 Faith, +1 Appeal. +1 Faith for every adjacent Mountain and Hills tile. Provides Tourism from Faith after researching Flight. Can never be destroyed (only pillaged) by natural disasters. Cannot be adjacent to another Rock-Hewn Church."
CIVILIZATION_ETHIOPIA,LOC_CIVILIZATION_ETHIOPIA_DESCRIPTION,TRAIT_CIVILIZATION_UNIT_ETHIOPIAN_OROMO_CAVALRY,Oromo_Cavalry_%28Civ6%29,LOC_TRAIT_CIVILIZATION_UNIT_ETHIOPIAN_OROMO_CAVALRY_NAME,,UU,,,Oromo Cavalry: replaces Courser. No Movement penalty in Hills. Higher Sight (3 vs. 2). Higher Combat Strength (48 vs. 46).
CIVILIZATION_BABYLON_STK,LOC_CIVILIZATION_BABYLON_STK_DESCRIPTION,TRAIT_CIVILIZATION_BABYLON,Babylonian_%28Civ6%29,LOC_TRAIT_CIVILIZATION_BABYLON_NAME,LOC_TRAIT_CIVILIZATION_BABYLON_DESCRIPTION,CA,,,Eurekas instantly unlock their respective technologies. -50% Science per turn.
CIVILIZATION_BABYLON_STK,LOC_CIVILIZATION_BABYLON_STK_DESCRIPTION,TRAIT_CIVILIZATION_BUILDING_PALGUM,Palgum_%28Civ6%29,LOC_BUILDING_PALGUM_NAME,,UI,,,Palgum: replaces Water Mill. +2 Production . +1 Housing. +1 Food to all tiles adjacent to a source of Fresh Water. City must be adjacent to a River.
CIVILIZATION_BABYLON_STK,LOC_CIVILIZATION_BABYLON_STK_DESCRIPTION,TRAIT_CIVILIZATION_UNIT_BABYLONIAN_SABUM_KIBITTUM,Sabum_Kibittum_%28Civ6%29,LOC_UNIT_BABYLONIAN_SABUM_KIBITTUM_NAME,,UU,,,Sabum Kibittum: unique melee unit. It is available without any technological research. +5 Combat Strength vs. anti-cavalry units. +17 Combat Strength vs. heavy and light cavalry units. High Movement (3). High Sight (3).
CIVILIZATION_PORTUGAL,LOC_CIVILIZATION_PORTUGAL_DESCRIPTION,TRAIT_CIVILIZATION_BUILDING_NAVIGATION_SCHOOL,Navigation_School_%28Civ6%29,LOC_BUILDING_NAVIGATION_SCHOOL_NAME,,UI,,,"Navigation School: replaces University. Same as univeristy plus +1 Great Admiral point, +25% Production to naval units and +1 Science from every two Coast or Lake tiles in the Navigation School's city."
CIVILIZATION_PORTUGAL,LOC_CIVILIZATION_PORTUGAL_DESCRIPTION,TRAIT_CIVILIZATION_IMPROVEMENT_FEITORIA,Feitoria_%28Civ6%29,LOC_IMPROVEMENT_FEITORIA_NAME,,UI,,,"Feitoria: Tile improvement, must be on a Coast or Lake tile adjacent to land and a bonus or luxury resource in the territory of another civilization or city-state with whom you have Open Borders. +4 Gold, +1 Production, +4 Gold and +1 Production to Portuguese Trade Routes to this city. Cannot be adjacent to another Feitoria. Cannot be removed."
CIVILIZATION_PORTUGAL,LOC_CIVILIZATION_PORTUGAL_DESCRIPTION,TRAIT_CIVILIZATION_PORTUGAL,Portuguese_%28Civ6%29,LOC_TRAIT_CIVILIZATION_PORTUGAL_NAME,LOC_TRAIT_CIVILIZATION_PORTUGAL_DESCRIPTION,CA,,,"International Trade Routes can only be sent to cities on the coast or with a Harbor, but gain a +50% increase to all yields. Traders have +50% range over water, and can embark as soon as they are unlocked."
CIVILIZATION_PORTUGAL,LOC_CIVILIZATION_PORTUGAL_DESCRIPTION,TRAIT_CIVILIZATION_UNIT_PORTUGUESE_NAU,Nau_%28Civ6%29,LOC_UNIT_PORTUGUESE_NAU_NAME,,UU,TRAIT_CIVILIZATION_IMPROVEMENT_FEITORIA,,Nau: replaces Caravel. Starts with one free promotion. Has 2 build charges. Can construct a Feitoria. Lower Gold maintenance cost (2 vs. 4).
